,ticker,dividendo,yeld,soma_yield_12m,rentabilidade,setor,valor,liquidezmediadiaria,pvp,p_vpa,ativos,numero_cotista
0,AAGR11,1.3955,1.49,15.28,0.1771,Indefinido,92.57,14140.52,0.0,,0,0
1,AAZQ11,0.11,1.33,17.94,11.2787,Indefinido,8.18,349037.96,0.9468,0.9467592592592592,0,31088
2,ABCP11,0.65,0.78,9.76,12.4961,Shoppings,79.85,44137.22,0.7206,0.7206028336792708,1,13885
3,AFHI11,1.01,1.05,13.6,1.9643,Papéis,95.95,777313.22,1.0073,1.0091501893142618,14,38231
4,AGRX11,0.13,1.44,18.88,21.6447,Indefinido,8.89,352396.78,0.8606,0.8606001936108423,0,19345
5,AIEC11,0.34,0.63,8.36,3.8506,Lajes Corporativas,60.99,2774361.83,0.8029,0.8029225908372829,2,12672
6,AJFI11,0.05,0.6,8.91,11.1105,Shoppings,8.27,175896.13,0.7484,,12,20662
7,ALMI11,4.53,0.72,6.5,-5.7311,Lajes Corporativas,630.02,10783.27,0.3138,0.307810331731321,1,1868
8,ALZC11,0.107,1.38,16.6,0.731,Papéis,7.85,148070.83,0.8441,,14,10543
9,ALZR11,0.0836,0.78,10.06,4.5257,Misto,10.55,1575233.74,0.9906,0.9906103286384977,23,188609
10,APTO11,0.08,0.93,13.22,4.1752,Imóveis Residenciais,8.26,37931.83,0.8446,0.8445807770961146,3,7851
11,APXM11,0.5191,0.65,5.39,1.1632,Shoppings,78.2,50425.04,0.6075,,1,695
12,ARCT11,0.5,0.0,12.5547,0.0,Imóveis Industriais e Logísticos,87.13,1053903.45,0.8696,0.8733086098025459,9,43228
13,AROA11,0.0075,0.64,9.35,21.8188,Imóveis Industriais e Logísticos,1.3,7552.43,1.3684,,6,5384
14,ARRI11,0.07,1.02,16.37,13.5439,Papéis,6.33,174993.3,0.7572,0.7571770334928231,1,23867
15,ARTE11,0.0908,0.0,0.0,0.0,Misto,10.34,6950.33,0.9838,,0,760
16,ARXD11,0.09,1.13,15.3,15.6685,Papéis,7.83,79053.17,0.8576,,14,2017
17,ASMT11,0.077,1.12,0.0,-3.8264,Lajes Corporativas,4.1,12484.0,0.4146,,3,1
18,ASRF11,256.3287,0.0,0.0,0.0,Indefinido,10974.0,10974.0,1.1448,,2,95
19,ATSA11,0.15,0.26,3.25,2.5729,Shoppings,58.54,5254.59,0.793,0.7930100243836359,1,294
20,AURB11,0.45,0.0,0.0,0.0,Imóveis Comerciais - Outros,72.92,1666687.33,0.9018,,2,19
21,AZIN11,1.4,1.41,18.06,2.2152,FIP-IE,101.24,551605.87,0.0,,0,0
22,AZPE11,0.122,0.0,0.0,0.0,Papéis,0.0,,0.0,,9,1
23,AZPL11,0.075,0.96,13.05,7.8282,Serviços Financeiros Diversos,7.8,523330.78,0.9091,,1,5797
24,BBFI11B,634.2308,47.51,69.77,119.3947,Lajes Corporativas,1257.1,182918.19,0.4075,1.4536813256704093,1,6989
25,BBFO11,0.91,1.26,14.92,24.3284,Fundo de Fundos,71.41,375154.48,0.9232,0.9232062055591468,14,9701
26,BBGO11,0.85,1.12,16.88,25.8665,Indefinido,75.19,172131.87,0.7954,0.7954088649106104,0,12108
27,BBIG11,0.07,0.99,14.01,8.7973,Serviços Financeiros Diversos,7.2,792119.87,0.7477,,3,37355
28,BBIM11,0.0968,0.0,0.0,0.0,Papéis,0.0,,0.0,,14,20
29,BBRC11,1.05,1.03,14.04,6.8945,Agências de Bancos,103.97,79221.65,0.9919,0.9918908605228011,21,8785
30,BCIA11,0.86,0.89,12.21,11.6572,Fundo de Fundos,93.53,360853.0,0.892,0.8919511729925615,14,20215
31,BCRI11,0.75,1.09,16.06,8.4272,Papéis,63.64,472297.43,0.7466,0.7465978413890193,14,41962
32,BDIF11,0.85,1.11,14.11,15.7559,Indefinido,77.22,2482342.91,0.0,,0,0
33,BDIV11,1.6,4.01,17.51,7.6245,Indefinido,39.62,336594.26,0.0,,0,0
34,BETW11,0.5787,0.0,0.0,0.0,Indefinido,0.0,,0.0,,1,2
35,BGRB11,0.35,0.0,2.33,0.0,Lajes Corporativas,108.9,26109.86,0.9152,,1,374
36,BICE11,112.43,0.0,0.52,0.0,Fundo de Fundos,888.0,444.0,0.7949,0.794929637984746,14,119
37,BICR11,0.363,1.02,0.0,-26.9733,Papéis,35.92,72.0,0.8633,0.844977652317102,14,641
38,BIDB11,1.0,1.22,16.41,17.1504,Indefinido,79.11,348691.35,0.0,,0,0
39,BIME11,0.08,1.22,15.0,7.9439,Indefinido,6.4,30470.0,0.7547,0.7547169811320755,3,8060
40,BINC11,1.4,1.41,13.38,6.1344,Papéis,103.71,615136.3,0.0,,0,0
41,BINR11,297.5874,0.0,0.0,0.0,Indefinido,1673.35,,1.4888,,5,103
42,BIPD11,10.77,0.0,0.0,0.0,Indefinido,989.33,573481.67,1.0298,,1,111
43,BLCA11,0.5,0.54,7.11,5.6045,Indefinido,98.78,144381.91,0.7673,0.7672828957588939,1,463
44,BLMC11,5.3373,0.0,0.0,0.0,Papéis,85.75,150671.33,1.3438,0.9055866511775267,14,8102
45,BLMG11,0.4,1.14,13.67,10.2955,Imóveis Industriais e Logísticos,33.21,201217.35,0.7006,0.7006329113924051,1,13385
46,BLMO11,0.53,0.6,5.8,0.0,Lajes Corporativas,87.91,4579088.33,0.8907,0.8906788247213778,1,287
47,BLMR11,0.3733,0.0,0.0,0.0,Fundo de Fundos,6.78,1157702.33,0.1063,0.8909329829172142,14,8102
48,BLOG11,0.02,0.2,1.6,-8.76,Misto,7.5,172.58,0.6661,,6,110
49,BLUR11,74.2872,0.0,3.04,0.0,Papéis,76.03,228.0,0.9987,,14,1
50,BMLC11,0.7,0.69,7.46,0.0,Lajes Corporativas,100.0,2484.19,0.9127,0.9127418765972982,1,1227
51,BNFS11,0.7,0.97,15.74,0.9318,Agências de Bancos,54.99,67835.52,0.79,0.7899727050711105,18,5506
52,BODB11,0.1,1.27,14.89,15.6408,Indefinido,7.84,857286.0,0.0,,0,0
53,BPFF11,2.2386,0.0,7.09,0.0,Fundo de Fundos,54.53,512062.0,0.8774,0.8773934030571199,14,20101
54,BPLC11,14.4205,0.0,0.0,0.0,Misto,0.0,,0.0,,1,125
55,BPML11,0.92,1.0,15.11,9.3434,Shoppings,94.68,5810335.65,0.761,0.7413091136861886,4,5378
56,BPRP11,0.925,0.0,0.0,0.0,Imóveis Industriais e Logísticos,107.5,2150.0,0.8561,,15,171
57,BRCO11,0.87,0.73,9.79,3.7131,Imóveis Industriais e Logísticos,114.63,5413590.09,0.9839,0.9829360315554793,12,131924
58,BRCR11,0.41,0.84,12.13,14.192,Lajes Corporativas,47.29,1054615.3,0.551,0.5509728533146918,6,117505
59,BREV11,0.58,0.55,0.0,22.0818,Lajes Corporativas,105.0,532138.0,1.6455,,1,8102
60,BRFT11,1.09,1.21,19.24,15.253,Misto,90.0,46048.52,0.0,,0,0
61,BRIM11,52.37,21.58,195.37,133.3862,Fundo de Desenvolvimento,284.99,15085.09,8.4996,,2,711
62,BRIP11,27.85,6.19,59.62,0.0,Fundo de Desenvolvimento,443.89,6483.69,0.8423,,10,411
63,BRIX11,180.1409,0.0,0.0,0.0,Indefinido,1673.35,195781.0,1.4852,,10,103
64,BRLA11,1.15,0.78,4.64,5.0598,Imóveis Industriais e Logísticos,148.0,21194.28,0.841,0.8891024870839841,8,435
65,BROF11,0.56,0.91,12.61,17.4926,Lajes Corporativas,61.79,402077.17,0.561,,1,10671
66,BRZP11,0.92,0.51,7.09,24.5056,,180.0,1309621.61,0.0,,0,0
67,BTAG11,1.3,1.19,16.82,10.7231,Indefinido,116.0,63353.78,1.0584,1.0583941605839418,0,2883
68,BTAL11,1.0,1.1,14.39,18.6862,Imóveis Industriais e Logísticos,89.4,614295.22,0.771,0.7709555018972061,9,38037
69,BTCI11,0.093,1.0,13.34,5.8132,Papéis,9.23,1733025.13,0.9121,,14,206197
70,BTCR11,0.9,0.98,0.0,14.5378,Papéis,88.0,571148.0,1.3791,0.9236905636611735,14,8102
71,BTHF11,0.101,1.05,13.91,21.5877,Papéis,9.42,2638088.61,0.9336,,0,320236
72,BTHI11,0.31,0.7,11.34,-4.5851,Hotéis,44.0,22889.52,0.6771,,14,1741
73,BTHR11,0.19,0.0,0.0,0.0,Hotéis,0.0,,0.0,,13,24
74,BTLG11,0.8,0.77,9.62,5.576,Imóveis Industriais e Logísticos,104.01,9124289.65,1.0129,1.0128542214431786,31,462182
75,BTML11,0.97,0.0,0.86,0.0,Lajes Corporativas,101.37,,0.7957,,2,1
76,BTRA11,0.8,1.23,9.56,8.4655,Fazendas,67.0,153439.35,0.5242,0.5989629894510996,5,11922
77,BTSG11,1.0,0.0,3.17,0.0,Imóveis Industriais e Logísticos,145.92,146.0,0.935,0.9349650797718971,1,108
78,BTSI11,0.83,0.0,2.22,0.0,Misto,107.17,107.33,0.8667,,6,219
79,BTWR11,0.65,0.0,0.57,0.0,Fundo de Desenvolvimento,92.99,139.5,0.7843,0.7843286099865047,1,141
80,BTYU11,0.0949,1.1,14.15,-2.7449,Incorporações,7.54,13783.78,0.7451,,14,608
81,BZEL11,5.0924,0.0,0.0,0.0,Misto,0.0,,0.0,,14,3
82,CACR11,1.2,1.41,19.54,16.327,Papéis,80.19,1291237.26,0.8438,0.8437499999999999,14,26137
83,CAFE11,1.0082,0.0,0.0,0.0,Misto,0.0,,0.0,,0,0
84,CARE11,0.0084,0.23,0.0,36.0456,Misto,4.59,6963.74,0.1327,2.861417617355526,14,6943
85,CBOP11,0.16,0.42,5.94,8.617,Lajes Corporativas,39.94,5376.09,0.5531,0.5531089876748373,1,2057
86,CCME11,0.084,0.92,11.84,6.4457,Indefinido,9.05,321309.7,0.8538,,1,9284
87,CCRF11,3.5013,0.0,0.0,0.0,Papéis,92.5,1276.82,1.4496,0.9921699023919339,14,8102
88,CCVA11,0.85,0.0,0.47,0.0,Indefinido,98.97,159202.27,0.9672,,1,1
89,CDII11,1.38,1.31,17.46,5.5965,Indefinido,104.63,6004426.57,0.0,,0,0
90,CEOC11,0.43,0.94,13.91,4.8897,Lajes Corporativas,43.07,47622.61,0.6318,0.63180284582661,1,3753
91,CFHI11,26.4663,0.0,21.79,0.0,Fundo de Desenvolvimento,20.1,40.0,0.7562,,4,96
92,CFII11,78.0,0.0,5.19,0.0,Indefinido,768.97,192.0,1.2884,,4,102
93,CIXM11,0.15,0.0,0.0,0.0,Misto,9.04,220499.5,0.2355,,14,108
94,CJCT11,0.24,0.37,3.45,0.0,Lajes Corporativas,64.0,833335.0,0.8678,1.1053216054105492,1,810
95,CLIN11,0.95,1.03,14.52,13.4434,Fundo de Fundos,92.7,911859.22,0.9421,,14,10119
96,CNES11,0.0229,1.44,7.4,-10.7471,Lajes Corporativas,1.58,178082.0,0.2469,0.24458204334365327,1,79209
97,COPP11,0.75,0.0,0.0,0.0,Lajes Corporativas,103.0,1827632.0,0.9685,,4,118
98,CORM11,0.77,0.9006,11.3823,-4.2658,Lajes Corporativas,0.0,,0.0,,0,0
99,CPFO11,31.4246,0.0,0.0,0.0,Fundo de Fundos,0.0,,0.0,,14,8102
100,CPLG11,0.13,1.08,12.35,2.6027,Misto,12.11,144622.57,1.1297,,2,1821
101,CPOF11,0.43,0.39,2.42,0.0,Misto,104.0,726165.14,0.9779,,4,118
102,CPSH11,0.11,1.04,13.51,2.9163,Indefinido,10.6,3331072.87,0.9331,,8,31442
103,CPTA11,0.025,0.0,0.0,0.0,Fiagro,0.0,,0.0,,0,1102
104,CPTI11,1.15,1.28,15.4,16.9336,Indefinido,88.37,2195013.13,0.0,,0,0
105,CPTR11,0.115,1.33,18.1,24.385,Indefinido,8.57,225852.3,0.8536,0.8535856573705181,0,21447
106,CPTS11,0.09,1.1,14.86,14.682,Papéis,8.02,5183976.91,0.8736,0.8736383442265795,14,366303
107,CPUR11,0.1,0.96,11.1,4.9869,Misto,10.34,1859264.22,1.0616,,15,1658
108,CRAA11,1.25,1.18,16.31,19.0756,Indefinido,103.58,649923.04,1.019,1.0189867191342843,0,11031
109,CRFF11,0.65,0.81,10.34,14.0276,Fundo de Fundos,78.01,17530.18,0.8923,0.8922566624728354,14,1169
110,CSMC11,8.1959,0.0,0.0,0.0,Indefinido,0.0,,0.0,,11,1
111,CTXT11,0.01,0.04,0.0,-25.9565,Lajes Corporativas,5.44,560.78,0.3067,0.11255669215744696,1,2203
112,CVPR11,0.845,0.0,0.0,0.0,Indefinido,0.0,,0.0,,14,3
113,CXAG11,0.72,0.91,12.7,10.1602,Agências de Bancos,77.0,205136.91,0.6964,0.6963914262458172,31,11511
114,CXCE11,0.4772,1.11,14.32,14.3494,Lajes Corporativas,42.38,12836.43,0.6725,,1,2906
115,CXCE11B,0.4293,1.09,12.24,3.726,Lajes Corporativas,44.01,9205.0,0.5962,0.6820083682008368,1,3247
116,CXCI11,0.75,1.02,14.43,11.8716,Indefinido,74.43,87866.43,0.8457,0.8456993523463243,14,5435
117,CXCO11,0.75,1.05,14.86,15.1945,Lajes Corporativas,72.17,102268.17,0.7559,0.7558651026392962,10,12225
118,CXRI11,0.63,0.92,11.56,14.9882,Fundo de Fundos,66.85,91106.83,0.7591,0.759141494435612,1,1752
119,CXTL11,0.9258,0.27,4.39,0.1304,Imóveis Industriais e Logísticos,341.07,2506.84,0.8216,0.8215782627547333,1,579
120,CYCR11,0.106,1.14,15.47,10.9528,Indefinido,9.0,512987.78,0.9544,0.9544008483563097,14,17338
121,DAMA11,0.08,1.14,14.47,2.0172,Misto,6.79,6841.74,0.8122,,14,898
122,DAMT11B,0.5825,0.0,3.5,0.0,Shoppings,11.45,23.0,0.8167,,2,551
123,DAYM11,0.037,0.9,6.14,-0.8717,Lajes Corporativas,4.12,1807.57,0.4149,,6,881
124,DCRA11,0.09,1.17,16.05,17.882,Indefinido,7.45,72691.0,0.7525,0.7525252525252525,0,14922
125,DEVA11,0.3,1.22,17.34,5.555,Papéis,24.17,389806.78,0.2464,0.246431484502447,14,80230
126,DIVS11,1.2,1.13,12.09,14.2533,FI-Infra,106.0,677751.26,0.0,,0,0
127,DLMT11,0.0016,0.0,0.0,0.0,Varejo,0.0,,0.0,,2,9
128,DPRO11,0.06,0.94,11.81,1.4213,Indefinido,6.0,998.92,0.6543,,1,767
129,DRIT11B,0.53,0.63,13.98,16.7581,Lajes Corporativas,83.3,1547.0,0.6167,0.6380208333333333,4,348
130,DVFF11,0.065,1.1,13.72,6.7043,Fundo de Fundos,5.67,149631.83,0.6357,0.6356502242152466,14,2046
131,EDFO11B,0.4923,0.42,11.89,-17.9314,Lajes Corporativas,229.98,7938.5,0.5606,1.092697296526821,1,490
132,EDGA11,0.06,0.42,3.61,0.9558,Lajes Corporativas,14.37,22363.65,0.3189,0.31890812250332884,1,3675
133,EDGE11,79.24,7.76,7.76,0.0,Papéis,1071.8,1071.0,0.8694,,14,123
134,EGAF11,1.23,1.22,19.28,16.5558,Indefinido,99.19,452136.04,1.0026,1.002628120893561,0,12026
135,EIRA11,1.07,0.0,2.42,0.0,Outros,104.55,321470.7,0.9875,,0,122
136,EMET11,0.05,0.52,13.57,0.5201,Misto,10.5,420992.57,1.0903,,14,183
137,ENDD11,5.4189,4.99,10.14,32.6917,Indefinido,112.2,298138.39,0.0,,0,0
138,EQIA11,0.4503,,0.0,0.0,Fiagro,0.0,,0.0,,0,0
139,EQIR11,0.1,1.16,16.15,10.5077,Indefinido,8.61,70736.0,0.8913,0.8940809968847351,14,9791
140,ERCR11,215.2788,0.0,0.0,0.0,Varejo,15707.85,,1.4056,1.4056103250885226,14,9
141,ERPA11,0.93,0.74,4.44,0.0261,Lajes Corporativas,126.09,54928.0,0.7618,0.7617810536491059,2,844
142,ESUD11,72.9256,23.08,0.0,0.0,Indefinido,243.0,48600.0,0.0,,0,0
143,ESUT11,67.4877,210.9,0.0,0.0,Indefinido,1.0,20.0,0.0,,0,0
144,ESUU11,63.838,199.49,0.0,0.0,Indefinido,1.0,20.0,0.0,,0,0
145,EURO11,2.08,0.63,9.62,10.6798,Imóveis Industriais e Logísticos,320.01,238490.0,0.8044,0.8044090292091901,7,1976
146,EXES11,0.13,1.37,17.42,1.37,Papéis,9.42,134543.61,0.9439,,14,1924
147,FAED11,1.75,1.11,14.59,13.2491,Educacional,162.38,77192.48,0.7142,0.7141663368078462,4,3995
148,FAMB11B,1001.6086,0.0,0.0,0.0,Lajes Corporativas,609.99,47041.93,0.1761,0.169759300464444,1,2173
149,FAOE11,11.1609,0.0,0.0,0.0,Indefinido,926.9,,14.5259,,3,8102
150,FATN11,0.8,0.9,12.23,5.2167,Lajes Corporativas,86.86,1649994.7,0.8995,0.8995443247721624,56,26876
151,FCFL11,0.9021,0.72,9.07,4.0316,Educacional,123.38,242539.48,0.9864,0.9864086984330028,1,2907
152,FGAA11,0.12,1.28,15.8,13.6771,Indefinido,9.38,711846.61,0.9947,0.9946977730646873,0,52796
153,FIGS11,0.48,0.97,12.38,5.5699,Shoppings,50.35,130417.26,0.7189,0.7188749286122216,2,11555
154,FIIB11,3.1,0.65,9.06,0.1504,Imóveis Industriais e Logísticos,463.97,302009.48,0.7862,0.7862432427852435,9,14808
155,FIIP11,1.4,1.04,11.38,-17.4671,Imóveis Industriais e Logísticos,140.0,684268.0,0.7012,,7,5982
156,FIIP11B,1.4,0.96,10.89,6.8105,Imóveis Industriais e Logísticos,161.37,1172.8,0.7307,0.8115570307785154,7,6586
157,FISC11,0.56,0.83,5.24,0.0,Lajes Corporativas,65.0,2183.15,0.585,0.5850058500585006,5,228
158,FLCR11,1.1,1.14,14.46,3.0659,Papéis,94.44,220716.61,0.9933,0.9932688262515776,1,2786
159,FLFL11,0.18,0.0,0.0,0.0,Fundo de Desenvolvimento,0.0,,0.0,,1,1
160,FLMA11,0.92,0.56,9.57,11.1945,Lajes Corporativas,152.0,52190.52,0.6071,0.6070529973241743,1,11230
161,FLRP11,0.15,0.7,9.42,9.6523,Shoppings,21.04,42567.26,0.9953,0.9952696310312203,1,1901
162,FMOF11,1.4,3.83,116.98,-2.4643,Lajes Corporativas,35.03,1497.04,0.7535,0.7557713052858684,2,421
163,FPAB11,1.8,0.82,7.86,8.5393,Lajes Corporativas,209.99,143013.82,0.586,0.5860240560377307,3,672
164,FPOR11,0.1532,0.0,0.18,0.0,FIP-IE,23.5,41.0,0.0,,0,0
165,FRHY11,1.03,0.0,0.0,0.0,Indefinido,0.0,,0.0,,14,7
166,FTCA11,0.12,0.0,0.0,0.0,Indefinido,9.43,86449.78,0.8938,0.8938388625592416,0,7724
167,FVPQ11,0.4,0.56,9.87,-9.1154,Shoppings,66.0,31277.87,0.7154,0.7153696076306091,1,3578
168,FYTO11,0.08,0.93,15.88,14.2477,Papéis,8.53,136046.26,0.8599,,0,10507
169,FZDA11,4.1068,3.4,3.4,2.6861,Indefinido,127.01,601.9,0.6984,0.7318352059925094,0,285
170,FZDB11,4.2132,3.32,3.32,25.4572,Indefinido,144.0,471.0,0.8092,0.8524240809802877,0,122
171,GAME11,0.1,1.09,13.82,5.9525,Indefinido,8.91,182838.13,0.9243,0.9242738589211618,14,21279
172,GARE11,0.083,0.97,11.63,-1.2033,Imóveis Industriais e Logísticos,8.52,11895023.57,0.8987,,4,469914
173,GCOI11,3.0116,0.0,0.0,0.0,Indefinido,72.87,27690.0,0.9857,,2,385
174,GCRA11,0.68,1.2,16.5,19.9528,Indefinido,55.48,219802.43,0.6341,0.6341296148131215,0,6834
175,GCRI11,0.8,1.21,16.87,6.335,Papéis,67.49,191063.7,0.7395,0.7447583314941513,14,4196
176,GESE11B,1112.7198,0.0,0.0,0.0,Educacional,1520.0,,23.8207,1.3582585695392644,14,8102
177,GFDL11,0.16,0.15,0.15,0.0,Logística,112.96,80622.1,1.1473,,0,1762
178,GGRC11,0.1,1.0,12.6,2.8387,Imóveis Industriais e Logísticos,10.17,6504067.83,0.904,0.904,42,313493
179,GLCR11,0.88,0.0,4.26,0.0,Papéis,100.0,17188.17,0.9816,,0,837
180,GLOG11,0.6,0.81,8.21,18.233,Imóveis Industriais e Logísticos,73.79,39971.13,0.6789,,1,1714
181,GLPF11,0.914,0.0,7.93,0.0,Logística,107.0,56015.38,1.0566,,0,2434
182,GRUL11,0.08,0.95,13.4,9.5008,Logística,8.39,291313.22,0.874,,1,5024
183,GRWA11,0.1,1.28,12.52,12.5666,Indefinido,7.94,8583.04,0.7701,0.7701260911736179,0,2091
184,GSFI11,0.0007,0.0276,0.0276,0.0276,Shoppings,11.0,96184.22,0.8709,0.9243076095724657,9,6344
185,GTLG11,60.6178,0.0,0.0,0.0,Imóveis Industriais e Logísticos,63.99,22885.25,1.0028,1.0555922137908282,1,8102
186,GTWR11,0.9,1.05,14.23,18.977,Lajes Corporativas,83.8,511209.48,0.8264,0.826429980276134,3,33837
187,GURB11,0.7,0.65,0.0,0.0,Indefinido,108.0,5000076.0,0.8477,,2,1
188,GZIT11,0.78,1.61,21.76,5.564,Indefinido,44.75,585260.61,0.4939,,6,7939
189,HABT11,0.95,1.2,16.46,14.1895,Papéis,75.94,1014686.91,0.7961,0.7961002201488625,14,58078
190,HBCR11,1.45,0.0,8.27,0.0,Indefinido,147.0,7550819.0,1.2463,,3,61
191,HBRH11,0.5,0.55,9.22,2.4597,Lajes Corporativas,90.8,14627.0,0.8009,0.8090528379221241,5,720
192,HCHG11,0.62,0.76,11.46,8.9271,Papéis,81.57,19169.18,0.9206,0.9195130199526547,14,549
193,HCRA11,14.85,145.3,147.1,11.1664,Indefinido,10.22,0.83,0.1773,,0,100
194,HCRI11,3.3184,1.06,21.29,10.6938,Hospitalar,294.91,24345.7,1.049,1.0677021107128635,1,3001
195,HCTR11,0.26,1.21,17.83,12.4518,Papéis,20.87,606833.74,0.1974,0.1973709097787025,14,130689
196,HDEL11,15.3,0.0,0.0,0.0,Imóveis Industriais e Logísticos,94.1,4232.41,1.0908,,1,123
197,HFOF11,0.06,0.86,11.59,12.1182,Fundo de Fundos,6.8,1568253.3,0.8479,0.8478802992518704,14,96485
198,HGAG11,0.14,1.08,16.06,-12.3221,Indefinido,13.87,248.89,0.5943,0.5942587832047986,0,1000
199,HGBL11,0.072,0.78,10.31,6.1389,Misto,9.25,228794.83,0.9757,,1,4699
200,HGBS11,0.17,0.83,9.81,8.0258,Shoppings,20.51,4653790.04,0.9884,0.9884337349397591,17,161939
201,HGCR11,0.95,0.96,13.46,8.0213,Papéis,97.28,2447379.22,0.9769,0.976902992568789,14,103557
202,HGIC11,0.7,1.14,14.35,-0.6418,Papéis,63.45,4183.3,0.5679,0.567937701396348,2,683
203,HGLG11,1.1,0.7,8.59,1.8317,Imóveis Industriais e Logísticos,156.16,12332353.43,0.9422,0.9421986243513937,29,544807
204,HGPO11,57.05,48.22,0.0,101.2496,Lajes Corporativas,153.48,144197.22,1.0062,0.9863119336803546,2,8698
205,HGRE11,0.85,0.69,11.1,5.5592,Lajes Corporativas,121.69,1649903.09,0.8237,0.8237324849387396,13,143935
206,HGRU11,0.95,0.74,10.21,3.5596,Misto,129.0,2720245.91,0.9989,0.9989159052191421,100,229702
207,HILG11,9.8667,0.0,1.46,0.0,Indefinido,184.96,186.67,0.7432,,1,104
208,HLOG11,0.07,0.75,10.55,5.2706,Imóveis Industriais e Logísticos,9.17,48713.65,0.7635,0.7635303913405496,3,4164
209,HOFC11,0.21,0.65,0.0,67.5913,Lajes Corporativas,32.97,129658.22,0.573,,2,4396
210,HOSI11,0.2536,0.3,7.1,0.0,Imóveis Residenciais,83.99,3460.59,0.6932,0.6932155827005613,14,1085
211,HPDP11,0.82,0.87,7.25,17.1854,Shoppings,92.67,5655075.81,0.8492,0.8491707138275452,1,389
212,HRDF11,6.8,0.0,0.0,0.0,Fundo de Desenvolvimento,3.62,51720.29,0.4161,,14,847
213,HREC11,0.08,0.94,12.58,8.8673,Papéis,8.44,238180.26,0.9451,0.9451287793952967,14,2460
214,HRES11,0.8159,0.0,2.52,0.0,Imóveis Residenciais,141.53,2140733.0,1.1301,,14,137
215,HSAF11,0.95,1.19,15.02,4.4199,Papéis,79.04,491179.83,0.884,0.8840174477127839,14,8711
216,HSLG11,0.72,0.79,9.9,1.8317,Imóveis Industriais e Logísticos,91.9,628533.65,0.8365,0.836519206262516,7,40402
217,HSML11,0.7,0.74,9.65,13.5684,Shoppings,94.53,4031637.83,0.9084,0.9084182202575437,14,190493
218,HSRE11,0.85,0.79,10.83,7.6686,Misto,94.79,126404.52,1.0847,1.0846778807643895,22,423
219,HTMX11,1.2,0.88,11.52,1.3522,Hotéis,136.6,410565.22,0.9227,0.9226612630867949,20,34286
220,HUCG11,0.793,0.83,3.29,9.7649,Hospitalar,91.99,2463.0,0.7179,,2,237
221,HUSC11,1.05,1.07,10.29,-0.8709,Hospitalar,96.01,2417.0,0.6368,0.6361227058901477,2,752
222,HUSI11,9.257,0.76,2.21,0.0,Hospitalar,1210.74,1626.67,0.9684,0.9684293038769487,14,101
223,HYPI11,0.689,0.0,0.0,0.0,Outros,180.54,363.0,73.3902,,2,109
224,IAAG11,0.12,1.43,18.72,17.9715,Indefinido,8.22,336467.3,0.8379,0.8379204892966361,0,13647
225,IAGR11,0.006,0.15,0.3,45.4895,Indefinido,4.3,4350.65,0.6305,0.6869009584664537,0,3477
226,IBBP11,0.0736,0.88,10.12,-1.1194,Imóveis Industriais e Logísticos,7.5,561639.57,0.7553,,22,1039
227,IBCR11,0.6,1.2,18.01,3.1221,Papéis,51.38,151180.83,0.57,0.570002218770801,14,4060
228,ICNE11,16.571,0.0,0.0,0.0,Imóveis Residenciais,1000.0,1081.43,1.5071,,14,6
229,ICRI11,1.05,1.08,13.32,18.9828,Misto,96.26,1174879.52,0.9411,,14,11413
230,IDFI11,1.5607,78.04,0.0,44259.4346,Indefinido,2.0,2592.8,1.25,1.25,1,617
231,IDGR11,0.0898,5.99,0.0,-48.0441,Misto,1.5,332.83,16.6667,,1,171
232,IDUA11,1.4537,0.0,0.0,0.0,Imóveis Comerciais - Outros,64.42,,6.7526,,14,1
233,IFRA11,1.05,1.04,12.43,14.306,Indefinido,99.78,2000676.96,0.0,,0,0
234,IFRI11,1.1,1.05,14.26,11.3971,Misto,103.57,1465861.48,0.0,,0,0
235,IMOV11,0.075,0.0,0.0,0.0,Indefinido,0.0,,0.0,,14,13027
236,INFA11,0.09,0.0,0.92,0.0,Outros,9.82,,0.0,,0,0
237,INFB11,1.0,0.99,2.19,18.9231,Indefinido,85.01,4935.06,0.0,,0,0
238,INLG11,0.6,0.8,12.04,7.4507,Imóveis Industriais e Logísticos,74.1,266044.04,0.697,,5,15522
239,INRD11,0.69,0.88,10.93,10.7599,Fundo de Desenvolvimento,78.52,122864.48,0.6644,,5,6093
240,IRIF11,0.12,1.29,15.15,13.9097,Papéis,9.25,47170.87,0.0,,0,0
241,IRIM11,0.69,1.02,14.64,-7.1431,Indefinido,65.09,7888909.22,0.7737,0.7736835849280875,14,216216
242,ISCJ11,1.6029,3.56,396.81,594.8257,Papéis,50.71,10174.0,0.2951,,14,69
243,ITIP11,0.69,1.04,14.24,4.8963,Papéis,62.35,81004.3,0.8948,0.894804822043628,14,7623
244,ITIT11,0.61,0.84,11.14,8.3455,Fundo de Fundos,74.12,103999.35,0.9028,0.902801461632156,14,9251
245,ITRI11,0.85,0.97,13.43,21.7124,Shoppings,86.12,1945992.17,0.875,,14,14354
246,IVCI11,0.73,0.0,1.83,0.0,Papéis,96.86,,0.9643,,0,16
247,JASC11,0.7,0.7,4.6,-2.2146,Imóveis Comerciais - Outros,100.0,19559.63,0.8731,,20,162
248,JBFO11,7.7657,0.0,0.26,0.0,Papéis,15.03,82.0,1.9369,,14,369
249,JCCJ11,1.77,1.12,4.73,13.2826,Papéis,153.2,59796.65,0.7904,,1,256
250,JCIN11,0.2656,0.0,0.37,0.0,Fundo de Fundos,148.9,9973769.0,0.8264,,14,3
251,JFLL11,0.2,0.33,26.38,6.128,Imóveis Residenciais,61.81,40550.43,0.5886,0.5886106085134749,1,2280
252,JGPX11,1.05,1.51,18.46,12.214,Indefinido,68.65,371012.26,0.7061,0.706130425838305,0,5752
253,JMBI11,1.09,1.2,16.25,19.6758,Outros,89.1,805338.96,0.0,,0,0
254,JPPA11,1.06,1.22,16.93,14.5649,Papéis,85.46,85562.65,0.8498,0.8497563885850651,14,6206
255,JSAF11,0.08,0.99,14.26,11.8594,Fundo de Fundos,7.7,1586037.78,0.814,0.8139534883720929,14,25352
256,JSCR11,0.095,1.14,14.5,13.1221,Papéis,8.31,511864.78,0.8747,,14,3512
257,JSRE11,0.48,0.69,9.31,6.6295,Misto,65.64,1804069.22,0.633,0.6329797492767598,6,90483
258,JURO11,1.0,0.96,11.53,12.7692,Indefinido,102.56,2657622.91,0.0,,0,0
259,KCRE11,0.08,0.89,14.08,7.9143,Indefinido,8.99,498272.57,0.9374,0.9374348279457769,14,16236
260,KDIF11,1.45,1.11,12.73,13.6932,Indefinido,128.41,2425948.83,0.0,,0,0
261,KDOL11,0.35,0.4,6.0,-2.9021,Misto,86.5,54655.39,0.9236,0.9235532778133675,0,1628
262,KEVE11,27.0817,4.23,30.46,0.0,Fundo de Desenvolvimento,612.91,31497.33,1.4662,1.5227577639751553,14,432
263,KFEN11,12.54,0.0,1.27,0.0,Indefinido,1100.0,1571.43,1.1524,,14,129
264,KFOF11,0.8,0.92,11.96,5.4859,Fundo de Fundos,83.36,1423164.26,0.8851,0.8851136122318963,14,28212
265,KINP11,2.8952,0.0,0.0,0.0,Fundo de Desenvolvimento,10.0,38394.2,0.1567,,14,8102
266,KISU11,0.07,0.99,12.55,6.1876,Fundo de Fundos,7.06,451537.57,0.8345,0.8345153664302599,14,102448
267,KIVO11,1.14,1.64,18.4,15.9127,Papéis,63.52,397277.17,0.7391,,14,7226
268,KNCA11,0.95,0.99,14.55,9.3036,Indefinido,95.5,2758016.48,0.9487,0.9487383270415259,0,87647
269,KNCR11,1.2,1.12,14.61,2.8823,Papéis,105.08,16319945.17,1.0273,1.0272753934890995,14,510621
270,KNHF11,1.0,1.01,13.31,14.3926,Indefinido,98.33,3290165.91,0.9698,,8,63666
271,KNHY11,1.1,1.11,14.17,6.941,Papéis,99.35,2406639.39,0.9993,0.9992959163146248,14,28049
272,KNIP11,0.7,0.76,11.5,4.7064,Papéis,91.2,8268477.74,0.9677,0.967741935483871,14,71587
273,KNOX11,2.6714,2.77,8.53,19.6833,FIP-IE,102.0,404695.27,0.0,,0,0
274,KNPR11,2.81,0.0,0.0,0.0,Indefinido,0.0,,0.0,,14,594
275,KNRE11,0.0012,0.39,339.05,18.9807,Fundo de Desenvolvimento,0.33,863.39,0.5156,0.4342105263157895,14,5557
276,KNRI11,0.88,0.53,8.53,11.3127,Misto,166.79,4877555.96,1.017,1.017012195121951,19,307099
277,KNSC11,0.09,0.98,13.5,8.1424,Papéis,9.02,4084552.17,1.0215,1.0215175537938845,14,257675
278,KNUQ11,1.2,1.13,15.76,10.675,Indefinido,105.09,3457778.13,1.035,,14,51060
279,KOPA11,8.5,1.42,63.73,25.9414,Indefinido,563.9,155044.13,0.932,0.9319736885598123,0,3440
280,KORE11,0.6,0.8,18.6,16.062,Lajes Corporativas,72.33,2034113.43,0.6819,,4,30247
281,KRES11,0.0008,0.0,0.0,0.0,Misto,0.0,,0.0,,1,131
282,LAFI11,3.42,0.0,4.3,0.0,Misto,119.63,8148.36,1.0367,1.062150403977626,0,1269
283,LASC11,0.75,0.67,18.08,13.5023,Shoppings,116.67,5534574.35,0.8843,0.8842655752614825,2,575
284,LAVF11,1.3,0.0,0.0,0.0,Indefinido,0.0,,0.0,,14,8102
285,LFTT11,0.2102,0.0,86.12,0.0,Papéis,2.1,598719.0,0.0481,0.04116032928263426,51,8
286,LIFE11,0.12,1.34,17.55,13.2865,Imóveis Comerciais - Outros,8.77,766410.91,0.9193,,14,19964
287,LKDV11,82.3218,0.0,0.0,0.0,Papéis,1081.93,765465.0,0.9852,,1,101
288,LLAO11,7.3102,11.32,11.32,8.9745,Misto,57.2,57.0,1.1189,,9,78
289,LOFT11B,47.8954,0.0,0.0,0.0,Fundo de Desenvolvimento,29.9,,747.5,,2,8
290,LPLP11,0.1761,0.05,18.56,22.8698,Indefinido,300.0,3612.2,0.9858,,14,41
291,LRDI11,6.231,0.0,38.14,0.0,Indefinido,198.0,884.4,2.4102,,14,130
292,LSAG11,1.05,1.29,17.89,13.4977,Indefinido,78.1,91349.7,0.7973,0.7973455844818784,0,2620
293,LSOI11,0.1,0.0,0.0,0.0,Misto,12.02,1333334.67,0.9106,,2,40
294,LSPA11,20.85,86.84,0.0,153.7277,Papéis,24.01,453.61,1.1461,,14,727
295,LTMT11,8.3791,8.8,0.0,0.0,Imóveis Residenciais,93.78,50172.0,1.0025,,1,114
296,LUGG11,0.59,0.88,9.23,-10.0843,Imóveis Residenciais,72.82,23956.0,0.5527,0.6192176870748299,5,7962
297,LVBI11,0.75,0.69,8.72,3.7811,Imóveis Industriais e Logísticos,108.56,2498036.91,0.9035,0.9034620505992011,9,123259
298,MANA11,0.11,1.17,15.56,9.4542,Indefinido,9.3,945994.48,0.981,,14,36565
299,MATV11,0.6,0.73,0.0,-1.0827,Indefinido,86.63,13027.43,1.3576,0.9510374355033483,1,8102
300,MAXR11,0.31,0.49,6.6,3.6238,Varejo,63.69,207831.91,0.6854,0.6853545679543742,7,3751
301,MBRF11,0.5,0.0,0.0,0.0,Lajes Corporativas,0.0,,0.0,,0,0
302,MCCI11,1.0,1.09,13.91,5.9,Papéis,95.3,4350031.22,0.9958,0.9961325389359256,14,118856
303,MCEM11,0.67,1.17,10.01,-5.2462,Shoppings,60.29,33223.0,1.746,,14,218
304,MCLO11,0.07,0.7,7.32,-2.9293,Imóveis Industriais e Logísticos,9.99,332612.88,0.7255,,5,235
305,MCRE11,0.11,1.14,15.72,14.7661,Papéis,9.42,2238292.0,0.9163,,1,90103
306,MFAI11,34.18,48.84,0.0,89.7503,Fundo de Fundos,69.98,11326.82,0.9916,,14,2301
307,MFII11,1.05,1.3,16.8,9.0751,Fundo de Desenvolvimento,70.45,1695237.3,0.7321,0.7321001766600852,1,32843
308,MGCR11,0.3329,0.0,0.0,0.0,Papéis,9.4,259145.59,0.1473,0.9611451942740288,14,8102
309,MGFF11,4.2605,0.0,0.0,0.0,Fundo de Fundos,69.99,2558695.75,1.0969,0.9517269513190099,14,8102
310,MGHT11,0.13,0.42,0.0,-21.901,Hotéis,12.6,8630.09,0.5485,0.24798268057469,1,3497
311,MGRI11,1.18,0.0,8.02,0.0,Indefinido,58.18,,1.2128,,1,2
312,MMPD11,1.2825,0.0,0.0,0.0,Indefinido,0.0,,0.0,,14,102
313,MXRF11,0.1,1.04,12.92,1.9949,Papéis,9.76,10747243.22,1.0188,1.0284510010537407,3,1402221
314,NAUI11,115.9756,0.0,0.0,0.0,Outros,984.02,10233.8,2.2529,,0,110
315,NAVT11,1.2418,1.68,14.25,6.0753,Papéis,76.54,50481.39,0.8492,0.8488410779638461,14,2351
316,NCHB11,0.105,1.34,15.13,10.1815,Papéis,7.97,63111.7,0.8174,0.8174358974358974,14,11451
317,NCRI11,0.1,1.05,15.1,18.8799,Papéis,9.04,31785.26,0.9013,,1,1318
318,NELO11,9.5737,0.0,0.0,0.0,Logística,0.0,,0.0,,57,3
319,NEWL11,1.0,0.93,11.29,5.4531,Imóveis Industriais e Logísticos,106.7,405657.17,0.8159,0.8158739868481419,3,9706
320,NEWU11,0.25,0.23,2.64,2.9663,Lajes Corporativas,105.02,8607.06,1.1392,1.2604416706673067,2,1072
321,NEXG11,0.92,0.71,9.86,1.6868,Agricultura,131.66,93309.04,1.3128,1.312792900588294,0,653
322,NSLU11,1.7304,0.83,14.88,-4.2157,Hospitalar,190.07,83622.83,0.9928,0.9928437108232344,2,5158
323,NUIF11,1.1,1.18,13.86,5.8882,Indefinido,92.4,156036.87,0.0,,0,0
324,NVHO11,0.0896,0.79,9.0,-12.8875,Hospitalar,12.4,11979.96,0.7488,0.7487922705314011,4,1721
325,NVIF11,1.0373,0.0,0.0,0.0,Fundo de Desenvolvimento,227.5,,0.6563,,2,7
326,NVIF11B,1.1114,0.0,0.0,0.0,Fundo de Desenvolvimento,227.5,,0.8641,0.8640990580370709,2,7
327,NVRP11,87.5,0.0,0.0,0.0,Indefinido,170.0,13600.0,0.0,,0,0
328,OBAL11,93.515,0.0,0.0,0.0,Imóveis Residenciais,1095.0,1095.0,0.7526,,6,108
329,OCRE11,0.3398,0.4,7.61,0.2851,Papéis,73.2,14796.29,0.4886,,1,460
330,OGHY11,9.3992,0.0,0.0,0.0,Indefinido,8.72,22847.1,0.1367,,14,8102
331,OGIN11,0.1,1.26,5.17,-2.7974,Misto,8.11,24473.35,0.0,,0,0
332,OIAG11,0.12,1.27,17.81,18.1499,Indefinido,9.15,112251.48,0.9433,0.943298969072165,0,13490
333,ONDA11,0.11,1.25,8.52,0.4528,Exploração de Imóveis,9.0,5612.57,0.0074,,0,407
334,ONDV11,0.11,1.25,8.52,0.4528,Exploração de Imóveis,9.77,5317.5,0.0074,,14,407
335,ONEF11,2.849,0.0,0.0,0.0,Lajes Corporativas,200.03,114431.47,3.1348,1.0943158816127798,14,8102
336,OPTM11,0.14,0.0,0.0,0.0,Misto,0.0,,0.0,,1,14
337,ORPD11,1.3793,0.0,0.0,0.0,Fundo de Desenvolvimento,93.0,402.75,0.6609,0.7458850005734492,14,6
338,OUFF11,0.7558,1.25,0.0,-4.01,Fundo de Fundos,61.1,264340.11,0.9575,0.7778485041374921,1,8102
339,OUJP11,1.06,1.19,17.06,19.6873,Papéis,85.35,412716.96,0.8431,0.8431295070631235,14,26131
340,OULG11,15.5162,59.86,60.96,117.7956,Imóveis Industriais e Logísticos,24.12,2674.0,0.8574,0.8436516264428122,1,2973
341,OURE11,1.085,1.39,0.0,19.4212,Misto,78.2,224923.68,1.2255,0.7786517972717315,1,8102
342,PABY11,0.1325,,0.0,0.0,Fundo de Desenvolvimento,40.0,3503.48,0.2271,0.15909551020538037,15,518
343,PATA11,0.083,0.82,21.14,4.9937,Misto,10.0,50347.96,0.9891,,14,360
344,PATB11,3.6861,0.0,0.0,0.0,Lajes Corporativas,0.0,,0.0,,3,1
345,PATC11,0.05,0.13,2.15,-7.7643,Fundo de Desenvolvimento,37.99,20230.3,1.1079,1.1079031787693205,4,4494
346,PATL11,0.57,0.85,13.32,8.7352,Imóveis Industriais e Logísticos,66.86,624296.3,0.7495,0.7494675484811121,4,30824
347,PCAS11,42.8571,0.0,0.0,0.0,Indefinido,0.0,,0.0,,4,100
348,PCIP11,0.8,0.91,14.27,13.0421,Papéis,83.5,2567977.43,0.8949,,0,112730
349,PDBM11,1.3704,1.19,4.82,0.0,Shoppings,113.63,65.71,0.9996,,1,121
350,PEMA11,0.2443,0.0,19.3,0.0,Papéis,38.0,513.0,0.6739,,14,283
351,PFIN11,0.9,1.1,4.62,10.5853,Indefinido,88.04,1581269.43,0.0,,0,0
352,PICE11,0.5,1.39,1.39,0.0572,Indefinido,31.88,66932.17,0.0,,0,0
353,PLAG11,0.65,0.97,12.02,46.2339,Indefinido,66.9,6846896.26,1.0042,,12,14249
354,PLCA11,1.05,1.31,16.31,23.7254,Indefinido,79.45,34643.78,0.8233,0.8233160621761658,0,2420
355,PLCR11,5.2325,0.0,3.48,0.0,Papéis,78.2,864020.0,0.9376,0.9376498800959232,1,14034
356,PLOG11,0.7,0.99,12.13,0.5538,Imóveis Industriais e Logísticos,66.71,70165.04,0.629,0.6644766462007992,1,3284
357,PLRI11,0.2515,2.19,3.09,-4.0716,Papéis,6.59,903.35,0.4535,0.45323246217331503,1,790
358,PMFO11,0.84,0.0,2.93,0.0,Misto,90.4,308324.0,0.9842,,14,197
359,PMIS11,0.092,1.14,14.89,13.3173,Misto,8.05,158696.09,0.8519,,14,6706
360,PMLL11,1.0,0.92,10.61,12.236,Shoppings,107.86,5050258.43,0.9166,,11,129526
361,PNCR11,46.0921,0.0,2.06,0.0,Imóveis Residenciais,45.2,350700.0,0.9811,,14,112
362,PNDL11,3.0,0.0,0.0,0.0,Fundo de Desenvolvimento,979.86,123474.5,0.9754,,14,50
363,PNPR11,19.05,25.23,0.0,0.0,Fundo de Desenvolvimento,48.0,5000064.0,1.1733,,1,16
364,PNRC11,0.13,0.0,2.46,0.0,Indefinido,28.44,61.0,2.7719,,14,103
365,PORD11,0.1,1.22,14.69,4.2632,Papéis,8.39,750508.96,0.8767,0.8766980146290492,1,46634
366,PPEI11,1.0,1.16,14.34,7.8681,Indefinido,82.25,266942.13,0.0,,0,0
367,PQAG11,0.49,0.96,9.87,-1.5184,Imóveis Industriais e Logísticos,51.63,729787.58,0.9308,0.9307733910221743,1,481
368,PQDP11,14.905,0.65,10.19,-6.4232,Shoppings,2495.97,176387.17,0.9467,97.95800627943484,1,3049
369,PRIF11,1.0,0.0,2.07,0.0,Indefinido,114.93,187011.83,0.0,,0,0
370,PRSV11,14.1,0.0,0.0,0.0,Lajes Corporativas,33.46,2014.2,0.3011,0.09186513122491967,1,793
371,PRTS11,0.0549,0.0,0.0,0.0,Shoppings,20792.47,6024872004.6,325.8497,,14,8102
372,PSEC11,0.65,1.04,13.61,6.2319,Fundo de Fundos,62.15,1848908.09,0.8196,,0,83276
373,PULV11,0.7111,0.0,7.17,0.0,Papéis,8.72,61949.0,0.8677,,14,972
374,PVBI11,0.4,0.53,7.29,-1.11,Lajes Corporativas,76.82,4126128.26,0.7123,0.7122855818266111,7,178206
375,QAMI11,1.0,1.17,0.0,14.2215,Papéis,84.68,67019.0,1.3271,0.9125000000000001,14,8102
376,QIRI11,89.6379,0.0,0.0,0.0,Papéis,78.04,6867.57,1.223,0.8708849458765764,14,8102
377,QNTS11,1.05,0.0,0.0,0.0,Indefinido,0.0,,0.0,,2,136
378,RBCO11,0.5,0.0,0.0,0.0,Lajes Corporativas,0.0,,0.0,,0,0
379,RBDS11,2.3541,12.63,0.0,0.0,Fundo de Desenvolvimento,2.25,52.22,0.1205,0.09789290950779445,14,803
380,RBFF11,0.108,0.98,12.59,8.1137,Fundo de Fundos,10.65,404215.2,0.8032,0.8092705167173252,14,25134
381,RBFY11,0.07,0.0,0.0,0.0,Imóveis Residenciais,78.9,3210.71,0.8318,,2,83
382,RBGS11,0.1766,0.62,0.0,-1.2883,Shoppings,28.45,,0.4459,0.31338086735452575,14,8102
383,RBHG11,0.8,1.15,14.97,13.3513,Papéis,68.5,272594.17,0.7905,0.790536641661858,14,7768
384,RBHY11,1.1,1.37,17.16,13.8544,Papéis,80.0,339234.35,0.8611,0.8611410118406888,14,3506
385,RBIF11,0.95,1.2,17.42,20.7138,Indefinido,77.9,168613.09,0.0,,0,0
386,RBIR11,6.869,7.74,28.2,13.1171,Fundo de Desenvolvimento,82.07,69670.26,0.9461,,14,1511
387,RBLG11,0.42,0.0,66.22,0.0,Imóveis Industriais e Logísticos,57.0,57.0,0.869,0.8690349138588199,1,239
388,RBOP11,0.65,0.28,7.97,-24.7778,Lajes Corporativas,226.9,7584.91,0.3067,,2,2644
389,RBRD11,0.55,1.34,4.2,10.3429,Varejo,40.99,78841.17,0.5726,0.5726459905001398,4,62
390,RBRI11,103.8197,0.0,83.95,0.0,Fundo de Desenvolvimento,649.0,1081.67,1.7057,,1,145
391,RBRL11,0.75,0.8,11.42,10.2174,Imóveis Industriais e Logísticos,89.89,369804.57,0.8891,0.8891196834817013,6,16890
392,RBRM11,5302.019,0.0,0.0,0.0,Fundo de Desenvolvimento,94794.81,,17.8791,,14,54
393,RBRP11,0.4,0.74,9.85,6.5555,Lajes Corporativas,53.38,942065.96,0.6505,0.6504996344138435,6,56515
394,RBRR11,0.7,0.81,12.57,8.1334,Papéis,84.8,3247148.65,0.9086,0.908603878709954,3,137767
395,RBRS11,0.11,0.33,6.05,-17.4373,Fundo de Desenvolvimento,49.0,254690.45,0.5122,0.5122308174785699,2,908
396,RBRX11,0.09,1.08,13.85,4.4493,Indefinido,8.65,11272213.39,0.8773,,14,122017
397,RBRY11,1.09,1.12,15.82,8.4462,Papéis,97.29,3849246.43,0.9712,0.9711519265322419,14,73931
398,RBTS11,7.3419,1.84,14.53,0.0,Fundo de Desenvolvimento,302.02,302.0,1.0809,1.0794138670478912,14,126
399,RBVA11,0.09,0.91,12.15,7.3458,Varejo,9.76,1555241.78,0.9113,0.9112978524743229,74,92023
400,RBVO11,5.655,106.3,0.0,146.5693,Papéis,5.32,1143.43,0.9517,,14,6943
401,RCFF11,0.4244,0.0,9.17,0.0,Fundo de Fundos,85.0,1360.0,0.8621,0.8635578583765111,14,127
402,RCRB11,1.07,0.75,8.15,16.144,Lajes Corporativas,139.75,803730.0,0.7011,0.7010635095816193,9,24587
403,RDCI11,1.44,0.0,0.0,0.0,Indefinido,0.0,,0.0,,14,118
404,RDIV11,0.494,0.0,0.0,0.0,Outros,100.0,7735786.0,1.1841,,0,141
405,RDLI11,15.1111,15.91,70.8,96.7995,Lajes Corporativas,94.95,2135.04,0.9615,,1,257
406,RECD11,0.0923,1.32,57.19,22.1199,Papéis,7.0,370.13,1.013,,0,458
407,RECM11,0.1,1.17,17.06,7.1969,Papéis,8.05,445259.57,0.8564,,0,955
408,RECR11,0.7253,0.89,14.28,9.423,Papéis,80.8,2128859.22,0.9029,0.9028941781204604,1,173319
409,RECT11,0.45,1.13,14.74,15.4289,Lajes Corporativas,39.74,332753.3,0.4428,0.4427855153203343,9,48920
410,REIT11,2.73,0.0,0.0,0.0,Papéis,95.98,459.0,0.317,,1,62
411,RELG11,0.8,1.23,14.58,9.0442,Imóveis Industriais e Logísticos,64.19,116239.87,0.7362,0.7362082807661429,5,4127
412,RENV11,0.08,1.14,9.85,41.518,Serviços Financeiros Diversos,6.73,5696.0,0.4713,,14,678
413,RFOF11,0.65,0.0,6.52,0.0,Fundo de Fundos,63.84,173508.0,0.8712,0.8711790393013101,14,3284
414,RIFF11,0.006,0.09,2.85,23.4786,Indefinido,7.98,171735.52,0.0,,0,0
415,RINV11,1.1,1.0,13.12,10.6342,Indefinido,109.75,341420.74,0.9982,,14,4312
416,RMAI11,0.27,0.72,7.95,-4.4111,Lajes Corporativas,39.99,42751.5,0.3366,0.365739893908908,2,1095
417,RNDP11,40.3843,99.67,101.28,309.7228,Papéis,40.5,14794.0,1.0055,,14,1292
418,RNGO11,0.48,0.93,8.89,6.3433,Lajes Corporativas,51.04,46730.09,0.6119,0.6119170363265796,4,6794
419,ROOF11,13.5493,0.0,15.9,0.0,Fundo de Desenvolvimento,323.31,323.0,1.088,,32,80
420,RPRI11,0.9,1.0,15.17,7.5621,Papéis,84.61,473339.35,0.8359,,14,4552
421,RSPD11,93.9528,11.25,20.87,5.9539,Fundo de Desenvolvimento,799.99,170642.2,1.0159,0.7078936705639356,14,198
422,RURA11,0.12,1.33,16.38,18.8675,Indefinido,8.94,2593087.35,0.8671,0.8671193016488845,0,94162
423,RVBI11,0.65,1.01,13.78,3.9643,Fundo de Fundos,60.23,604022.78,0.8716,0.811397009295433,14,81798
424,RZAG11,0.12,1.3,17.61,9.987,Indefinido,9.11,1382871.48,0.9147,0.9146586345381524,0,88007
425,RZAK11,1.1,1.29,17.74,4.7,Papéis,85.35,1215083.26,0.968,0.9676870748299319,14,45147
426,RZAT11,1.0,1.09,14.02,11.0805,Imóveis Industriais e Logísticos,91.57,432696.7,0.9019,,12,34220
427,RZEO11,3.8,0.0,0.0,0.0,Indefinido,187.78,3610.0,1.0295,1.0294956140350877,0,155
428,RZLC11,10.7107,1.06,13.94,7.4739,Papéis,1014.17,1591021.7,0.9327,,0,151
429,RZTR11,1.0,1.01,13.78,4.0249,Misto,94.23,2255033.7,1.0161,1.016066422255769,28,149417
430,RZZI11,5.6,0.0,0.0,0.0,Misto,982.82,2000000.0,0.7523,,1,116
431,RZZR11,1.225,0.91,9.92,2.5624,Imóveis Industriais e Logísticos,137.9,107267.7,0.7826,,10,533
432,RZZV11,7.22,0.0,0.0,0.0,Misto,1028.34,105000.0,0.8622,,1,131
433,SALI11,0.9,0.0,0.0,0.0,Misto,0.0,,0.0,,5,2
434,SAPI11,0.11,1.18,17.29,17.2473,Misto,9.09,291186.91,0.9063,,14,13119
435,SARE11,0.026,0.57,2.97,36.243,Misto,4.8,348855.0,0.9543,0.6193548387096774,2,26586
436,SCPF11,0.018,0.67,0.67,-35.6764,Shoppings,2.85,1728.09,0.2882,0.24070945945945946,1,4210
437,SDIL11,0.75,0.76,10.27,10.5144,Imóveis Industriais e Logísticos,96.5,1030917.86,1.0144,0.9813891996338859,5,63292
438,SEED11,0.89,0.0,3.85,0.0,Indefinido,98.34,200.0,1.0612,,14,131
439,SEQR11,0.5823,1.05,14.63,8.6305,Misto,55.45,41185.26,0.5678,0.5678443420378905,4,4358
440,SHOP11,6.751,0.0,0.0,0.0,Shoppings,3489.14,4895701939.45,114.6235,,1,94
441,SHPH11,5.3,0.58,8.91,8.3167,Shoppings,900.0,60676.39,0.8694,0.8693552282057474,1,2055
442,SHPP11,0.045,0.0,3.49,0.0,Shoppings,11.0,7299930.88,1.0827,,0,124
443,SHSO11,0.42,0.0,0.0,0.0,Indefinido,0.0,,0.0,,14,8102
444,SIGR11,1.295,0.0,0.0,0.0,Indefinido,99.9,100.0,10.7419,,14,10543
445,SJAU11,20.1303,231.65,848.21,424.9615,Imóveis Industriais e Logísticos,5.89,6414.52,3.953,,14,1023
446,SMRE11,1.0085,1.55,17.44,4.8951,Incorporações,65.05,116015.0,0.6154,,14,1233
447,SNAG11,0.15,1.38,16.05,8.8067,Papéis,10.9,1485404.35,1.0634,1.0634146341463415,0,122026
448,SNCI11,1.0,1.14,14.56,7.0513,Papéis,89.95,464132.78,0.9141,0.9110705965765218,14,35968
449,SNEL11,0.1,1.15,14.91,9.0766,Fundo de Desenvolvimento,8.56,2799844.52,1.0465,,14,74416
450,SNFF11,0.8,1.01,14.23,7.8028,Fundo de Fundos,73.75,411903.74,0.841,0.8463392242368603,14,26535
451,SNFZ11,0.1,1.02,11.74,5.4975,Misto,9.76,337060.04,0.9899,0.9898580121703854,0,10790
452,SNID11,0.13,1.16,14.82,1.8168,Indefinido,11.34,146022.09,0.0,,0,0
453,SNME11,0.1,1.04,16.26,7.2973,Indefinido,9.58,110280.04,0.999,,2,7166
454,SOFF11,1.0,0.0,0.0,0.0,Misto,102.0,29.14,0.9941,,0,308
455,SOLR11,4.7708,0.0,0.0,0.0,Imóveis Comerciais - Outros,1051.35,4931882.0,1.1471,,1,28
456,SPDE11,8.0,0.0,0.46,0.0,Indefinido,1266.67,2533.3,0.7504,,14,235
457,SPMO11,0.43,0.0,0.0,0.0,Indefinido,122.0,119560.0,0.9466,,14,15
458,SPTW11,0.45,1.08,15.5,16.1118,Lajes Corporativas,40.71,93519.65,0.7511,0.7511070110701107,1,17361
459,SPVJ11,0.1184,0.0,0.0,0.0,Shoppings,0.0,,0.0,,14,25
460,SPXS11,0.092,1.04,14.88,6.6665,Indefinido,8.63,439709.17,0.9103,,14,20194
461,SRVD11,0.2,2.29,0.0,-7.7281,Indefinido,3.0,233.91,18.75,2.531004808909137,14,108
462,STRX11,0.82,0.0,2.28,0.0,Fundo de Desenvolvimento,141.96,141.0,0.9287,0.9286929216276331,3,111
463,SURE11,0.6,0.0,0.0,0.0,Indefinido,0.0,,0.0,,0,1
464,TCPF11,1.31,0.0,0.0,0.0,Misto,39.53,,0.3883,,14,48
465,TELM11,0.1,1.0,13.21,15.0021,Indefinido,9.49,11964.59,0.9424,,2,283
466,TEPP11,0.075,0.86,12.79,4.5997,Lajes Corporativas,8.96,1510158.35,0.9372,0.9372384937238494,5,37987
467,TGAR11,0.72,1.01,13.82,-12.431,Fundo de Desenvolvimento,70.4,5104284.78,0.6391,0.6390704429920117,8,147891
468,TJKB11,2.9,1.13,14.61,-3.7467,Indefinido,260.5,1717129.0,0.8949,,9,527
469,TMPS11,0.85,0.98,12.84,14.5824,Fundo de Fundos,85.8,218752.17,0.8777,,14,1905
470,TOPP11,0.84,1.12,15.06,13.7072,Imóveis Comerciais - Outros,73.56,379743.74,0.6899,,2,4834
471,TORD11,0.0045,0.27,5.35,-18.729,Misto,1.57,17874.48,0.0428,0.1126255380200861,2,46674
472,TRBL11,0.85,1.09,11.81,29.5584,Imóveis Industriais e Logísticos,77.95,1265209.17,0.9561,,5,45544
473,TRNT11,0.07,0.06,0.0,0.0,Lajes Corporativas,117.0,18018.85,0.7084,0.5919854280510018,1,507
474,TRXB11,1.0,0.54,19.72,32.1437,Fundo de Desenvolvimento,183.12,4998890.74,1.8419,,11,743
475,TRXF11,0.93,0.97,12.23,-3.9225,Imóveis Comerciais - Outros,91.46,16436300.65,0.906,0.905993065874195,91,250303
476,TRXY11,0.11,1.21,15.48,12.0285,Outros,9.09,66100.83,0.9934,,0,1438
477,TSER11,1.01,0.0,1.96,0.0,Lajes Corporativas,108.0,540.0,1.1178,,1,19
478,TVRI11,1.05,1.05,13.8,12.5623,Agências de Bancos,98.3,824999.43,0.943,,58,59865
479,URHF11,1.05,1.42,18.55,10.285,Outros,72.99,4555.57,0.76,,14,297
480,URPR11,0.35,0.9,13.92,26.1701,Papéis,34.68,478494.04,0.3359,0.3358512492736781,14,63411
481,VANG11,1.0,0.0,1.01,0.0,Indefinido,101.0,100810.5,0.0,,0,0
482,VCJR11,0.88,1.09,15.04,8.3345,Papéis,78.11,1865849.78,0.8229,0.8229034976822587,14,27581
483,VCRA11,1.07,1.7,18.27,10.4782,Indefinido,62.76,482764.57,0.6101,0.6101497180633871,0,9887
484,VCRI11,0.09,1.15,15.98,13.1826,Papéis,7.48,329877.35,0.7832,0.7832460732984293,14,13222
485,VCRR11,0.4,0.6,9.0,0.001,Imóveis Residenciais,60.0,204372.22,0.5738,0.5738332058148431,4,2955
486,VGHF11,0.07,0.99,13.47,7.0262,Misto,7.0,2426084.91,0.8065,0.8064516129032259,14,385437
487,VGIA11,0.145,1.46,18.25,10.0278,Indefinido,9.65,2330827.09,0.9948,0.9948453608247424,0,170695
488,VGII11,0.5,0.0,1.32,0.0,Tecidos. Vestuário e Calçados,73.5,73.0,1.0082,,14,6
489,VGIP11,0.71,0.87,14.92,4.3394,Papéis,80.97,1307002.35,0.8849,0.8904651930056087,14,84374
490,VGIR11,0.13,1.33,16.59,3.6594,Papéis,9.83,3726220.0,1.0041,1.0,1,262175
491,VGRI11,0.075,0.89,17.8,18.8649,Misto,7.65,621433.48,0.8875,,5,25753
492,VHFA11,0.15,1.42,7.17,1.9039,Misto,10.3,2031.09,1.0108,1.0107948969578018,0,80
493,VIDS11,16.0588,0.0,0.0,0.0,Fundo de Desenvolvimento,915.64,,1.2828,,14,199
494,VIFI11,0.07,1.01,0.0,5.145,Fundo de Fundos,6.96,30.26,0.8733,,14,5521
495,VIGT11,0.25,0.52,5.7,19.3023,,48.23,283094.78,0.0,,0,0
496,VILG11,0.82,0.83,9.99,9.9683,Imóveis Industriais e Logísticos,99.96,3090317.87,0.8831,0.8831168831168831,11,146610
497,VINO11,0.045,0.82,12.8,7.0333,Lajes Corporativas,4.98,592515.48,0.5035,0.5035389282103134,9,132895
498,VISC11,0.84,0.77,9.44,1.2563,Shoppings,108.64,4691645.91,0.9201,0.9201321250105869,31,341753
499,VIUR11,0.2067,3.5,15.52,12.4858,Misto,5.47,498064.57,0.7132,0.7131681877444589,1,39998
500,VJFD11,0.85,0.0,1.46,0.0,Papéis,145.0,290.0,0.8487,0.8486976880304361,39,103
501,VLIQ11,5.0419,0.0,0.0,0.0,Indefinido,0.0,,0.0,,14,8102
502,VLOL11,16.3034,0.0,0.0,0.0,Lajes Corporativas,88.0,160238.13,1.3791,0.7923644876643255,14,8102
503,VOTS11,0.71,0.89,9.49,7.5173,Papéis,81.86,3025.18,0.8745,0.8744792223053093,14,532
504,VPPR11,0.07,0.53,0.0,-10.2679,Lajes Corporativas,21.5,149529.39,0.5198,,2,32071
505,VRTA11,0.85,1.06,13.31,5.4489,Papéis,77.4,1307317.57,0.9105,0.9104811198682508,14,105897
506,VRTM11,0.09,1.22,16.08,18.6507,Misto,7.26,164171.87,0.7626,,12,12020
507,VSEC11,2.0489,0.0,0.0,0.0,Papéis,0.21,2.5,0.0033,,14,8102
508,VSHO11,0.68,0.88,11.68,6.7595,Shoppings,75.1,13787.13,0.6487,0.6487000086378163,3,2916
509,VSLH11,0.027,1.17,14.44,0.3839,Papéis,1.93,168849.52,0.1887,0.18866080156402737,14,63720
510,VTBL11,1.5446,0.0,0.0,0.0,Outros,0.0,,0.0,,9,1
511,VTLT11,1.2623,0.0,10.92,0.0,Imóveis Industriais e Logísticos,88.98,12462404.0,0.9827,0.9826615129762563,1,5533
512,VTPL11,0.7024,0.0,0.0,0.0,Papéis,64.25,66.0,0.5351,,2,125
513,VVCO11,11.16,0.0,0.0,0.0,Lajes Corporativas,14.98,45941.35,0.996,,4,2426
514,VVCR11,0.09,0.91,13.35,9.8414,Papéis,9.33,6887.13,0.8679,,14,2112
515,VVMR11,4.6,5.41,7.0,6.1501,Lajes Corporativas,84.99,2152.33,0.9485,,5,538
516,VVPR11,0.8923,0.89,0.0,14.4394,Misto,101.5,1249061.55,1.5907,1.0353973273487709,14,8102
517,VVRI11,0.35,0.39,4.97,0.0,Indefinido,90.0,526.75,0.9782,,2,148
518,VXXV11,273.35,0.0,0.0,0.0,Fundo de Desenvolvimento,745.0,27038657.29,1.4444,,1,14
519,WHGR11,0.1,1.03,13.19,13.5868,Indefinido,9.38,247737.65,0.9389,,1,15202
520,WPLZ11,0.37,0.73,11.17,12.8744,Shoppings,48.6,2099.71,0.8908,0.8907624633431085,1,1502
521,WSEC11,1.4551,0.0,715.34,0.0,Indefinido,1.41,1533.0,0.9592,,14,918
522,WTSP11B,0.05,0.09,27.19,0.0,Misto,36.0,3852.0,0.6769,0.4275026718916994,2,210
523,XLPR11,0.5,0.67,9.35,0.0,Papéis,69.13,33709.17,0.8704,,0,1414
524,XPCA11,0.11,1.27,17.48,17.0642,Indefinido,8.24,803559.35,0.846,0.8503611971104231,0,94161
525,XPCI11,0.88,1.02,14.01,8.499,Papéis,83.63,1421806.39,0.9337,0.9336831528413532,14,79600
526,XPCM11,0.02,0.2,0.0,-0.6747,Lajes Corporativas,8.47,41780.57,0.417,0.2916666666666667,1,16081
527,XPHT11,0.4051,0.93,10.11,15.3653,Hotéis,123.0,230869.59,0.6577,1.9483605258989387,14,1268
528,XPID11,0.75,1.43,13.92,17.4072,Indefinido,52.18,74934.0,0.0,,0,0
529,XPIE11,1.0,1.81,13.24,12.1193,Indefinido,54.18,802558.04,0.0,,0,0
530,XPIN11,0.85,1.21,13.69,-4.8342,Imóveis Industriais e Logísticos,70.13,669452.43,0.6778,0.6777809993234754,81,40163
531,XPLG11,0.82,0.79,10.11,1.1091,Imóveis Industriais e Logísticos,100.59,3791014.61,0.9487,0.948693765915307,25,337579
532,XPML11,0.92,0.85,10.81,4.8887,Shoppings,109.31,10758452.78,0.9896,0.9975360467238548,16,704717
533,XPPR11,0.07,0.53,4.38,-8.5456,Lajes Corporativas,12.54,78639.38,0.2067,0.2066578773895847,2,42867
534,XPSF11,0.07,1.03,12.97,16.3994,Fundo de Fundos,6.75,316993.91,0.8222,0.8221680876979293,14,109398
535,XTED11,11.16,,0.0,0.0,Lajes Corporativas,8.82,17641.88,0.6771,0.3147549407960945,1,4098
536,YUFI11,29.23,0.0,1.16,0.0,Fundo de Desenvolvimento,15.0,40.0,0.33,,11,57
537,YUFI11B,0.6331,0.0,0.0,0.0,Indefinido,0.0,,0.0,,0,0
538,ZAGH11,0.045,0.47,7.1,1.9093,Serviços Financeiros Diversos,9.44,132116.09,1.0129,,1,483
539,ZAVC11,0.12,1.31,18.16,7.3125,Indefinido,9.1,65581.22,0.8948,,1,730
540,ZAVI11,0.12,1.21,15.23,12.9657,Indefinido,9.97,56772.78,0.723,,9,2557
541,ZIFI11,3.305,0.0,0.0,0.0,Fundo de Desenvolvimento,900.0,899.5,0.5125,,14,89
